30-NOV-07-4
Institution Code,Institution Name,City,State,Country
"GA148","PharmData, Incorporate","Marietta","GA","USA"
"GA149","Harbin Clinic","Rome","GA","USA"
"GA150","Columbus Surgical Associates PC","Columbus","GA","USA"
"GA151","Albany Surgical, P.C.","Albany","GA","USA"
"GA153","The Emory Clinic Inc","Atlanta","GA","USA"
"GA154","AFLAC Cancer Center & Blood Disorders Service - Meridian","Atlanta","GA","USA"
"GA155","Gwinnett County Radiation Therapy Center - Lawrenceville","Lawrenceville","GA","USA"
"GA156","Gwinnett County Radiation Therapy Center - Snellville","Snellville","GA","USA"
"GA157","Cancer Center of Gwinnett","Lawrenceville","GA","USA"
"GA158","Institute For Radiation Therapy","Riverdale","GA","USA"
"GA159","Resurgens Orthopaedics","Atlanta","GA","USA"
"GA160","Griffin Regional Radiation Therapy Center","Griffin","GA","USA"
"GA161","Georgia Colon & Rectal Surgical Associates PC","Atlanta","GA","USA"
"GA162","Vascular Disease Institute & Obesity Solutions","Gainesville","GA","USA"
"GA163","Urology Associates PA","Marietta","GA","USA"
"GA164","Breast Care Specialists LLC","Atlanta","GA","USA"
"GA165","Atlanta Cancer Care","Roswell","GA","USA"
"GA166","Piedmont Urology PC","Atlanta","GA","USA"
"GA167","Piedmont Gynecologic Oncology","Atlanta","GA","USA"
"GA168","Northlake Cancer Treatment Center","Tucker","GA","USA"
"GA169","Nabors Hader & Sanders MD","Atlanta","GA","USA"
"GA170","AFLAC Cancer Center & Blood Disorders Service","Atlanta","GA","USA"
"GA171","Suburban Hematology Oncology Associates PA","Lawrenceville","GA","USA"
"GA172","Georgia Cancer Specialists-Decatur","Decatur","GA","USA"
"GA173","Georgia Cancer Specialists-Stockbridge","Stockbridge","GA","USA"
"GA174","Dekalb Surgical Associates","Decatur","GA","USA"
"GA175","Surgical Associates","Decatur","GA","USA"
"GA176","Atlanta Cancer Care-Decatur","Decatur","GA","USA"
"GA177","Newnan Radiation Center","Newnan","GA","USA"
"GA178","Georgia Thoracic and Cardiovascular Surgical Associates","Atlanta","GA","USA"
"GA179","Southeastern Gynecologic Oncology LLC","Riverdale","GA","USA"
"GA180","Southeast Gyncology and Oncology","Tucker","GA","USA"
"GA181","Georgia Breast Care","Marietta","GA","USA"
"GA182","Doctors Hospital Radiation Oncology","Augusta","GA","USA"
"GA183","Harbin Clinic - Clinical Research Office","Rome","GA","USA"
"GA184","Georgia Radiation Therapy Center","Augusta","GA","USA"
"GA185","Radiation Oncology Associates PC","Albany","GA","USA"
"GA186","Peachtree Cardiovascular and Thoracic Surgeons PA - Gainesville","Gainesville","GA","USA"
"GA187","Summit Cancer Care","Savannah","GA","USA"
"GA188","Peachtree Hematology and Oncology Consultants PC","Newman","GA","USA"
"GA189","Savannah Colon & Rectal Surgery Inc","Savannah","GA","USA"
"GA190","Medical Oncology Associates","Augusta","GA","USA"
"GA191","Nancy N and JC Lewis Cancer and Research Pavilion at Saint Joseph's Candler","Savannah","GA","USA"
"GA192","Northwest Georgia Oncology Center PC","Marietta","GA","USA"
"GA193","Cardiovascular Surgical Associates","Albany","GA","USA"
"GA194","Low Country Cancer Care Associates PC","Savannah","GA","USA"
"GA195","North Georgia Radiation Therapy","Marietta","GA","USA"
"GA196","Georgia Center for Oncology Research and Education","Atlanta","GA","USA"
"GA197","Harbin Clinic Radiation Oncology","Rome","GA","USA"
"GA198","Harbin Clinic Medical Oncology","Rome","GA","USA"
"GA199","Newton County Radiation Therapy Center","Covington","GA","USA"
"GA200","Chris Malone MD PC","Athens","GA","USA"
"GA201","Georgia Gastroenterology Group PC","Savannah","GA","USA"
"GA202","Surgical Associates of Albany PC","Albany","GA","USA"
"GA203","Toccoa Cancer Center","Toccoa","GA","USA"
"GA204","Georgia Cancer Specialists- Cumming","Cumming","GA","USA"
"GA205","Northwest Georgia Oncology Centers PC - Douglasville","Douglasville","GA","USA"
"GA206","Georgia Cancer Specialists PC - Lithonia","Lithonia","GA","USA"
"GA207","Georgia Cancer Specialists - Tucker","Tucker","GA","USA"
"GA208","Southeastern Gynecologic Oncology LLC-Gainsville","Gainsville","GA","USA"
"GA209","Northwest Georgia Oncology Centers PC","Canton","GA","USA"
"HGRC","Human Genome Research Center","","","USA"
"HI001","Kalaheo Clinic","Kalaheo","HI","USA"
"HI002","Kauai Veterans Memorial Hospital","Waimea, Kauai","HI","USA"
"HI003","Waimea Clinic, Inc.","Waimea","HI","USA"
"HI004","University of Hawaii","Honolula","HI","USA"
"HI005","Queen's Medical Center","Honolulu","HI","USA"
"HI006","Straub Clinic and Hospital","Honolulu","HI","USA"
"HI007","Kaiser Permanente Moanalua Medical Center","Honolulu","HI","USA"
"HI008","Saint Francis Medical Center","Honolulu","HI","USA"
"HI009","Kuakini Medical Center","Honolulu","HI","USA"
"HI010","Tripler Army Medical Center","Honolulu","HI","USA"
"HI011","Castle Medical Center","Kailua","HI","USA"
"HI012","Kapiolani Medical Center","Honolulu","HI","USA"
"HI013","Hawaii Minority Based CCOP","Honolulu","HI","USA"
"HI014","Kauai Medical Clinic","Lihue","HI","USA"
"HI015","Hawaii Medical Association","Honolulu","HI","USA"
"HI016","University of Hawaii at Manoa","Honolulu","HI","USA"
"HI017","Kapiolani Medical Center at Pali Momi","Aiea","HI","USA"
"HI018","Hilo Medical Center","Hilo","HI","USA"
"HI019","Cancer Center of Hawaii/Hawaii AIDS Clinical Research Program","Honolulu","HI","USA"
"HI020","Hawaii Pacific Oncology Center","Hilo","HI","USA"
"HI021","Wahiawa Hospital","Wahiawa","HI","USA"
"HI022","Oncare Hawaii, Inc. (POB II)","Honolulu","HI","USA"
"HI023","Oncare Hawaii, Inc. (Kuakini)","Honolulu","HI","USA"
"HI024","Pacific Cancer Institute of Maui","Wailuku, Maui","HI","USA"
"HI025","Maui Memorial Medical Center","Wailuku","HI","USA"
"HI026","Oncare Hawaii, Inc. Mililani Clinic","Mililani","HI","USA"
"HI027","Oncare Hawaii, Inc. - Kapiolani Medical Center at Pali Momi","Aiea","HI","USA"
"HI028","Saint Francis West","Honolulu","HI","USA"
"HI029","Honolulu Medical Group","Honolulu","HI","USA"
"HI030","Leeward Radiation Oncology Center","Ewa Beach","HI","USA"
"HI031","Hematology Oncology Associates Inc","Honolulu","HI","USA"
"HI032","Kona Community Hospital","Kealakekua","HI","USA"
"HI033","Maui Medical Group - Wailuku","Wailuku","HI","USA"
"HIVNCI","National Cancer Institute HIV/AIDS Malignancy Branch","Bethesda","MD","USA"
"HNCP","Head and Neck Contracts Program","","","USA"
"HTSG","Hepatic Tumor Saintudy Group","","","USA"
"IA001","United States  Department of Agriculture","Ames","IA","USA"
"IA002","Iowa State University of Science and Technology","Ames","IA","USA"
"IA003","McFarland Clinic","Ames","IA","USA"
"IA004","Iowa Methodist Medical Center","Des Moines","IA","USA"
"IA005","Raymond Blank Children's Hospital","Des Moines","IA","USA"
"IA006","VA Central Iowa Healthcare System","Des Moines","IA","USA"
"IA007","University Osteopathic Medical Health Science","Des Moines","IA","USA"
"IA008","Mercy Medical Center - Des Moines","Des Moines","IA","USA"
"IA009","Mercy Capitol","Des Moines","IA","USA"
"IA011","Sartori Hospital","Cedar Falls","IA","USA"
"IA012","Covenant Medical Center","Waterloo","IA","USA"
"IA013","Saint Francis Hospital","Waterloo","IA","USA"
"IA014","Mercy Medical Center-Sioux City","Sioux City","IA","USA"
"IA015","Saint Luke's Regional Medical Center","Sioux City","IA","USA"
"IA017","Central Iowa Oncology Hematology Association PC","Des Moines","IA","USA"
"IA018","University of Iowa Hospitals & Clinics","Iowa City","IA","USA"
"IA019","Ottumwa Regional Health Center","Ottumwa","IA","USA"
"IA020","Mercy Hospital","Cedar Rapids","IA","USA"
"IA021","VA Medical Center - University of Iowa","Iowa City","IA","USA"
"IA022","Saint Lukes Hospital","Bettenforf","IA","USA"
"IA023","Burlington Medical Center","Burlington","IA","USA"
"IA024","Oncology Associates","Cedar Rapids","IA","USA"
"IA025","Saint Luke's Cancer Center","Davenport","IA","USA"
"IA027","Mercy Medical Center - North Iowa","Mason City","IA","USA"
"IA028","Genesis Medical Center - West Campus","Davenport","IA","USA"
"IA029","Medical Associates Clinic, Professional Corporation","Dubuque","IA","USA"
"IA030","Iowa Lutheran Hospital","Des Moines","IA","USA"
"IA031","Burgess Memorial Hospital","Onawa","IA","USA"
"IA032","Community Memorial Hospital","Missouri Valley","IA","USA"
"IA033","Saint Luke's Hospital","Cedar Rapids","IA","USA"
"IA034","Siouxland Hematology - Oncology Associates","Sioux City","IA","USA"
"IA035","Genesis Medical Center - East Campus","Davenport","IA","USA"
"IA036","Cedar Rapids Oncology Association","Cedar Rapids","IA","USA"
"IA038","Iowa Oncology Research Association CCOP","Des Moines","IA","USA"
"IA039","Iowa Oncology Research Association Creighton Cancer Center","Des Moines","IA","USA"
"IA040","Cancer Treatment Center","Iowa City","IA","USA"
"IA041","John Stoddard Cancer Center","Des Moines","IA","USA"
"IA042","Cedar Valley Medical Specialists","Waterloo","IA","USA"
"IA043","Medcl Onc/Palliative Care, P.C.","Davenport","IA","USA"
"IA044","Allen Memorial Hospital","Waterloo","IA","USA"
"IA045","Finley Hospital","Dubuque","IA","USA"
"IA046","Southwest Iowa Surgical Assoc, P.C.","Council Bluffs","IA","USA"
"IA047","Heartland Oncology and Hematology LLP","Council Bluffs","IA","USA"
"IA049","Samaritan Health System","Clinton","IA","USA"
"IA051","Saint Anthony Regional Hospital","Carroll","IA","USA"
"IA052","Alegent Health Mercy Hospital","Council Bluffs","IA","USA"
"IA053","Shenandoah Memorial Hospital","Shenandoah","IA","USA"
"IA054","Urological Associates, P.C.","Davenport","IA","USA"
"IA055","Jennie Edmundson Memorial Hospital","Council Bluffs","IA","USA"
"IA056","Therapeutic Radiation Association., P.C.","Des Moines","IA","USA"
"IA057","Hematology Oncology Associates/Quad Cities","Bettendorf","IA","USA"
"IA058","Dubuque Internal Medicine, P.C","Dubuque","IA","USA"
"IA059","Center for Advanced Drug Development","Iowa City","IA","USA"
"IA060","Great River Oncology","West Burlington","IA","USA"
"IA061","Hematology and Medical Oncology Consultants","Davenport","IA","USA"
"IA062","Hematology/Medical Oncology Consultants","Bettendorf","IA","USA"
"IA064","Mercy Clinics Surgical Affiliates","Des Moines","IA","USA"
"IA065","Iowa Heart Center, P.C.","Fort Dodge","IA","USA"
"IA066","Iowa Blood and Cancer Care, PLC","Cedar Rapids","IA","USA"
"IA067","Mary Greeley Medical Center","Ames","IA","USA"
"IA068","Covenant Clinic","Waterloo","IA","USA"
"IA069","Covenant Clinic Cancer Center","Waterloo","IA","USA"
"IA070","Broadlawns Medical Center","Des Moines","IA","USA"
"IA071","Medical Oncology & Hematology Associates-West Des Moines","West Des Moines","IA","USA"
"IA072","Medical Oncology & Hematology Associates-Des Moines","Des Moines","IA","USA"
"IA073","Gregory D Naden MD PC","Sioux City","IA","USA"
"IA074","Medical Oncology and Hematology Associates","Des Moines","IA","USA"
"IA075","Mercy Medical Center","Clinton","IA","USA"
"IA076","Iowa Surgery Center, PC","Windsor Heights","IA","USA"
"IA077","The Iowa Clinic, PC/ Urology","Des Moines","IA","USA"
"IA078","Constantinou, Costas L MD (UIA Investigator)","Bettendorf","IA","USA"
"IA079","Childrens Health Center","Des Moines","IA","USA"
"IA080","Radiation Therapy Center of the Quad Cities","Bettendorf","IA","USA"
"IA081","Morning Star Internal Medicine","Creston","IA","USA"
"IA082","Hematology and Oncology Care","Davenport","IA","USA"
"IA083","Medical Oncology Hematology of Ottumwa","Ottumwa","IA","USA"
"IA084","Mason City Clinic","Mason City","IA","USA"
"IA085","Abben Cancer Center","Spencer","IA","USA"
"IAML","Acute Myelocytic Leukemia Intergroup","","","USA"
"ID001","Portneuf Medical Center","Pocatello","ID","USA"
"ID003","Saint Luke's Mountain States Tumor Institute","Boise","ID","USA"
"ID004","Saint Luke's Regional Medical Center","Boise","ID","USA"
"ID005","Kootenai Medical Center","Coeur D'Alene","ID","USA"
"ID006","Saint Joseph Regional Medical Center","Lewiston","ID","USA"
"ID007","East Idaho Regional Medical Center","idaho Falls","ID","USA"
"ID008","Valley County Hospital","Cascade","ID","USA"
"ID009","Mercy Medical Center","Nampa","ID","USA"
"ID010","Magic Valley Regional Medical Center","Twin Falls","ID","USA"
"ID011","Saint Alphonsus Regional Medical Center","Boise","ID","USA"
"ID012","Private Practice/Hematology/Medical Oncology","Boise","ID","USA"
"ID013","Kootenai Cancer Center","Coeur D'Alene","ID","USA"
"ID014","Pocatello Regional Hospital","Pocatello","ID","USA"
"ID015","Hematology Oncology Associates of Eastern Idaho","Idaho Falls","ID","USA"
"ID016","Teton Medical Specialty Center","Idaho Falls","ID","USA"
"ID017","St. Luke's Regional Medical Center","Boise","ID","USA"
"ID018","Oncology - Hematology Specialists, P.A.","Lewiston","ID","USA"
"ID019","Portneuf Medical Oncology","Pocatello","ID","USA"
"ID020","Saint Luke's Mountain States Tumor Institute - Nampa","Nampa","ID","USA"
"ID021","Saint Luke's Mountain States Tumor Institute - Meridian","Meridian","ID","USA"
"ID022","Saint Luke's Mountain States Tumor Institute - Fruitland","Fruitland","ID","USA"
"ID023","Mountain States Tumor Institute - Twin Falls","Twin Falls","ID","USA"
"ID024","Snake River Oncology of Eastern Idaho PLLC","Idaho Falls","ID","USA"
"IDD","Institute for Drug Development","San Antonio","TX","USA"
"IL001","Northwest Community Hospital","Arlington Heights","IL","USA"
"IL002","Advocate Good Shepherd Hospital","Barrington","IL","USA"
"IL003","Lutheran General Hospital","Des Plains","IL","USA"
"IL004","Highland Park Hospital","Northbrook","IL","USA"
"IL005","Lake Forest Hospital","Lake Forest","IL","USA"
"IL006","Condell Memorial Hospital","Libertyville","IL","USA"
"IL007","Veterans Administration Medical Center","North Chicago","IL","USA"
"IL008","University of Chicago","North Chicago","IL","USA"
"IL009","Chicago Medical School","North Chicago","IL","USA"
"IL010","Advocate Lutheran General Hospital","Park Ridge","IL","USA"
"IL011","Naval Hospital","Great Lakes","IL","USA"
"IL012","American International Hospital","Zion","IL","USA"
"IL014","Saint Joseph Hospital","Elgin","IL","USA"
"IL015","Sherman Hospital","Elgin","IL","USA"
"IL016","Hines Veterans Administration Hospital","Hines","IL","USA"
"IL017","Loyola University Medical Center","Maywood","IL","USA"
"IL018","Evanston Northwestern Healthcare","Evanston","IL","USA"
"IL019","Saint Francis Hospital","Evanston","IL","USA"
"IL020","West Suburban Hospital","Oak Hill","IL","USA"
"IL021","Oak Park Hospital","Oak Park","IL","USA"
"IL022","Mac Neal Hospital","Berwyn","IL","USA"
"IL023","Resurrection Mc@St Francis Hospital","Blue Island","IL","USA"
"IL024","Provena United Samaritans Medical Center","Danville","IL","USA"
"IL025","Family Medical Group","Joliet","IL","USA"
"IL026","Advocate Christ Medical Center","Oak Lawn","IL","USA"
"IL027","Olympia Fields Osteopathic Medical Center","Olympia Fields","IL","USA"
"IL029","Palos Community Hospital","Palos Heights","IL","USA"
"IL031","Rush - Copley Medical Center","Aurora","IL","USA"
"IL032","Hinsdale Hematology Oncology Associates, Incorporated","Hinsdale","IL","USA"
"IL033","Dammer and Cartwright","Chicago","IL","USA"
"IL034","Mount Sinai Hospital Medical Center","Chicago","IL","USA"
"IL036","Northwestern University","Chicago","IL","USA"
"IL037","Hematology and Oncology Associates","Chicago","IL","USA"
"IL038","Prentice Womens Hospital","Chicago","IL","USA"
"IL039","Jesse Brown Veterans Affairs Medical Center","Chicago","IL","USA"
"IL040","University of Illinois","Chicago","IL","USA"
"IL041","Northern Illinois Cancer Treatment Center","Dixon","IL","USA"
"IL042","John H Stroger Jr Hospital of Cook County","Chicago","IL","USA"
"IL043","Rush University Medical Center","Chicago","IL","USA"
"IL044","Thorek Hospital and Medical Center","Chicago","IL","USA"
"IL045","Childrens Memorial Hospital","Chicago","IL","USA"
"IL046","Grant Hospital of Chicago","Chicago","IL","USA"
"IL047","Columbus Hospital","Chicago","IL","USA"
"IL048","Chicago Coll Osteo Med/Midwest Univ","Chicago","IL","USA"
"IL049","Billings Hospital","Chicago","IL","USA"
"IL051","Michael Reese Hospital","Chicago","IL","USA"
"IL052","Mercy Hospital and Medical Center","Chicago","IL","USA"
"IL053","Saint Mary's of Nazareth","Chicago","IL","USA"
"IL054","Swedish Covenant Hospital","Chicago","IL","USA"
"IL055","University of Health Sciences Medical Center","North Chicago","IL","USA"
"IL056","Resurrection Healthcare","Chicago","IL","USA"
"IL057","University of Chicago","Chicago","IL","USA"
"IL058","Wyler Child Hosp Univ Chicago","Chicago","IL","USA"
"IL059","Chicago Lying-In Hospital","Taipei","IL","USA"
"IL060","Weiss Memorial Hospital","Chicago","IL","USA"
"IL061","Ravenswood Hospital Medical Center","Chicago","IL","USA"
"IL062","Little Company of Mary Hospital","Evergreen Park","IL","USA"
"IL063","Loretto Hospital","Chicago","IL","USA"
"IL064","Illinois Masonic Medical Center","Chicago","IL","USA"
"IL065","Saint Joseph Hospital","Chicago","IL","USA"
"IL066","Edgewater Hospital","Chicago","IL","USA"
"IL067","Chicago Medical School","Chicago","IL","USA"
"IL068","Abraham Lincoln School of Medicine","Chicago","IL","USA"
"IL069","Saint Mary's Hospital","Kankakee","IL","USA"
"IL070","Riverside Medical Center","Kankakee","IL","USA"
"IL071","Katherine Shaw Bethea Hospital","Dixon","IL","USA"
"IL072","Swedish American Hospital","Rockford","IL","USA"
"IL073","Saint Anthony Medical Center","Rockford","IL","USA"
"IL074","Rockford Clinic","Rockford","IL","USA"
"IL075","Gottlieb Memorial Hospital","Melrose Park","IL","USA"
"IL076","Trinity Medical Center","Rock Island","IL","USA"
"IL078","Saint Mary's Hospital","Streator","IL","USA"
"IL079","Graham Hospital Association","Canton","IL","USA"
"IL080","Midwest Urological Group","Peoria","IL","USA"
"IL081","Methodist Medical Center of Illinois","Peoria","IL","USA"
"IL082","Saint Francis Medical Center","Peoria","IL","USA"
"IL083","Bromenn Lifecare Center","Bloomington","IL","USA"
"IL084","Saint Joseph Medical Center","Bloomington","IL","USA"
"IL085","Bromenn Regional Medical Center","Normal","IL","USA"
"IL086","Carle Clinic Association","Urbana","IL","USA"
"IL087","Good Samaritan Hospital","Downers Grove","IL","USA"
"IL088","Veterans Administration Hospital","Danville","IL","USA"
"IL089","Sarah Bush Lincoln Health Center","Mattoon","IL","USA"
"IL090","Gateway Regional Medical Center","Granite City","IL","USA"
"IL091","Saint Francis Hospital","Litchfield","IL","USA"
"IL092","USAF Medical Center","Scott Air Force Base","IL","USA"
"IL093","Saint Joseph's Hospital","Breese","IL","USA"
"IL094","Decatur Memorial Hospital","Decatur","IL","USA"
"IL095","Saint John's Hospital","Springfield","IL","USA"
"IL096","Southern Illinois University","Springfield","IL","USA"
"IL097","Memorial Medical Center","Springfield","IL","USA"
"IL098","Knapp Medical Center","Chicago","IL","USA"
"IL099","Carbondale Clinic","Carbondale","IL","USA"
"IL100","Illinois Cancer Center","Chicago","IL","USA"
"IL101","Oncology-Hematology Associates of Central Illinois","Peoria","IL","USA"
"IL102","United Medical Center","Moline","IL","USA"
"IL103","Central Illinois Hematology Oncology Center","Springfield","IL","USA"
"IL104","Edward Hospital","Naperville","IL","USA"
"IL105","Ingalls Memorial Hospital","Harvey","IL","USA"
"IL106","Advocate South Suburban Hospital","Hazel Crest","IL","USA"
"IL109","Sarah Culbertson Memorial Hospital","Rushville","IL","USA"
"IL110","Rockford Memorial Hospital","Rockford","IL","USA"
"IL111","Jackson Park Hospital","Chicago","IL","USA"
"IL112","Saint James Hospital and Medical Center","Chicago Heights","IL","USA"
"IL113","Glenbrook Hospital","Glenview","IL","USA"
"IL114","Silver Cross Hospital","Joliet","IL","USA"
"IL115","Saint Joseph Medical Center","Joliet","IL","USA"
"IL116","Oncology Hematology Association of Northern Illinois Inc","Gurnee","IL","USA"
"IL117","Wellgroup Health Partners","Chicago Heights","IL","USA"
"IL118","University of Illinois Rockford","Rockford","IL","USA"
"IL119","Memorial & Saint Elizabeth's Health Care Services, LLP","Swansea","IL","USA"
"IL120","Midwestern Regional Medical Center","Zion","IL","USA"
"IL121","Galesburg Cottage Hospital","Galesburg","IL","USA"
"IL122","Glen Ellyn Clinic","Glen Ellyn","IL","USA"
"IL123","Quincy Medical Group (Clinic)","Quincy","IL","USA"
"IL124","Alexian Brothers Medical Center","Elk Grove Village","IL","USA"
"IL125","Northwest Medical Specialists P.C","Park Ridge","IL","USA"
"IL126","Glen Morton Medical Center","Morton Grove","IL","USA"
"IL127","Saint Mary's Hospital","Centralia","IL","USA"
"IL129","Hopedale Medical Complex - Hospital","Hopedale","IL","USA"
"IL130","Illinois Valley Hospital","Peru","IL","USA"
"IL131","Mcdonough District Hospital","Macomb","IL","USA"
"IL132","Mason District Hospital","Havana","IL","USA"
"IL133","Memorial Hospital","Carthage","IL","USA"
"IL134","Mendota Community Hospital","Mendota","IL","USA"
"IL135","Pekin Hospital","Pekin","IL","USA"
"IL136","Perry Memorial Hospital","Princeton","IL","USA"
"IL137","Proctor Hospital","Peoria","IL","USA"
"IL138","Saint Margaret's Hospital","Spring Valley","IL","USA"
"IL139","Eureka Hospital","Eureka","IL","USA"
"IL140","Intercommunity Cancer Center","Galesburg","IL","USA"
"IL141","Community Hospital of Ottawa","Ottawa","IL","USA"
"IL142","Kewanee Hospital","Kewanee","IL","USA"
"IL143","Trinity Medical Center","Moline","IL","USA"
"IL144","Medical Arts Associates","Moline","IL","USA"
"IL145","Cgh Medical Center","Sterling","IL","USA"
"IL146","Saint Jude Midwest Affiliate","Peoria","IL","USA"
"IL147","Central Illinois CCOP","Decatur","IL","USA"
"IL148","Good Samaritan Regional Health Center","Mt. Vernon","IL","USA"
"IL149","Belleville Memorial Hospital","Belleville","IL","USA"
"IL150","Saint Anthony's Health","Alton","IL","USA"
"IL151","Saint Elizabeth's Hospital","Belleville","IL","USA"
"IL154","North Shore Medical Center","Skokie","IL","USA"
"IL155","Midwest Radiation Therapy Consultants Limited","Peoria","IL","USA"
"IL156","Affiliated Urology Specialist","Peoria","IL","USA"
"IL157","Memorial Hospital","Carbondale","IL","USA"
"IL159","Holy Family Medical Center","Des Plaines","IL","USA"
"IL160","West Lake Community Hospital","Melrose Park","IL","USA"
"IL161","Hematology Oncology Associates","Maywood","IL","USA"
"IL162","Valley Cancer Center","Spring Valley","IL","USA"
"IL163","North Suburban Medical Consultants","Park Ridge","IL","USA"
"IL164","Hematology Oncology Consultants Limited","Naperville","IL","USA"
"IL165","Humana Health Care Plan","Chicago","IL","USA"
"IL166","Kellogg Cancer Center - Evanston Hospital","Evanston","IL","USA"
"IL167","Illinois Oncology Research Association CCOP","Peoria","IL","USA"
"IL168","Carle Cancer Center CCOP","Urbana","IL","USA"
"IL170","Progressive Care","Chicago","IL","USA"
"IL171","La Grange Memorial Hospital","La Grange","IL","USA"
"IL172","Joliet Oncology-Hematology Associates Limited","Joliet","IL","USA"
"IL173","Hematology - Oncology Associates","Chicago","IL","USA"
"IL175","Oncology Joint Practic Associates- Elmhurst Memorial Oncology Services","Winfield","IL","USA"
"IL176","Cancer Care and Hematology Specialists of Chicagoland PC","Niles","IL","USA"
"IL177","Cancer Care and Hematology Specialists of Chicagoland PC","Arlington Heights","IL","USA"
"IL178","Metro-Suburban Medical Specialist., S.C.","Park Ridge","IL","USA"
"IL179","Infusion Technologies","Evanston","IL","USA"
"IL181","Mid-Illinois Hematology/Oncology Association","Normal","IL","USA"
"IL185","Cancer Care Specialists Central Illinois","Decatur","IL","USA"
"IL186","Saint Anthony Memorial Hospital","Effingham","IL","USA"
"IL188","Galesburg Clinic","Galesburg","IL","USA"
"IL189","La Grange Treament Pavilion","La Grange","IL","USA"
"IL191","Sterling/Rock Falls Clinic","Sterling","IL","USA"
"IL193","Saint James Hospital","Pontiac","IL","USA"
"IL194","Springfield Clinic","Springfield","IL","USA"
"IL195","The Professional Building At Mercy","Chicago","IL","USA"
"IL196","Freeport Memorial Hospital","Freeport","IL","USA"
"IL197","Illinois Oncology Limited","Glen Carbon","IL","USA"
"IL198","Saint Mary's Medical","Galesburg","IL","USA"
"IL199","Saint Elizabeth Hospital","Chicago","IL","USA"
"IL200","Illinois Oncology Limited","Granite City","IL","USA"
"IL201","Metro-Suburban Mdcl Spec., S.C.","Des Plaines","IL","USA"
"IL202","Hope Children's Hospital","Oaklawn","IL","USA"
"IL203","L.C. Ferguson Cancer Center","Freeport","IL","USA"
"IL204","General Surgery Associates, L.L.C.","Moline","IL","USA"
"IL205","West Suburban Cancer Center","River Forest","IL","USA"
"IL206","Elmhurst Memorial Hospital","Elmhurst","IL","USA"
"IL207","Internal Medicine, Hematology Oncology","Geneva","IL","USA"
"IL208","Crossroads Cancer Center","Effingham","IL","USA"
"IL209","Central Dupage Hospital","Winfield","IL","USA"
"IL210","Wright State University School of Medicine","","","USA"
"IL211","Horizon Health Care","Tinley Park","IL","USA"
"IL212","Amer Pharmaceutical Partners","Melrose Park","IL","USA"
"IL214","Central Illinois Breast Center","Champaign","IL","USA"
"IL216","Midwest Cancer Research Group, Incorporated","Skokie","IL","USA"
"IL217","Mercy Harvard Medical Center","Harvard","IL","USA"
"IL218","Intermed Oncology Associates","Homewood","IL","USA"
"IL219","Edward Kaplan and Associates","Skokie","IL","USA"
"IL221","Our Lady of Resurrection","Chicago","IL","USA"
"IL222","Morris Hospital","Morris","IL","USA"
"IL223","Deerpath Medical Associates","Lake Forest","IL","USA"
"IL224","North Shore Hematology Oncology","Libertyville","IL","USA"
"IL225","Hematology Oncology Associates -Highland Park","Highland Park","IL","USA"
"IL226","Comprehensive Bleeding Disorders Center","Peoria","IL","USA"
"IL227","University of Illinois College of Medicine - Peoria","Peoria","IL","USA"
"IL228","Northwestern Memorial Hospital","Chicago","IL","USA"
"IL229","Monroe Medical Associates","Harvey","IL","USA"
"IL230","OSF Saint Mary Medical Center","Galesburg","IL","USA"
"IL231","Greater Rockford Hematology and Oncology Center","Rockford","IL","USA"
"IL232","Community Cancer Center","Normal","IL","USA"
"IL233","Provena Covenant Medical Center","Urbana","IL","USA"
"IL234","Bloomington Cancer Center","Bloomington","IL","USA"
"IL235","Carle Clinic Foundation Hospital","Urbana","IL","USA"
"IL236","Central Illinois Neuro Science Foundation","Bloomington","IL","USA"
"IL237","Marion Veterans Administration Medical Center","Marion","IL","USA"
"IL239","Hematology Oncology Associates- Melrose Park","Melrose Park","IL","USA"
"IL240","Edward Cancer Center","Naperville","IL","USA"
"IL241","Dreyer Medical Clinic","Aurora","IL","USA"
"IL242","Hematology Oncology Associates - Oak Park","Oak Park","IL","USA"
"IL244","Hematology/Oncology Associates of Illinois - Skokie","Skokie","IL","USA"
"IL245","Pekin Cancer Treatment Center","Pekin","IL","USA"
"IL246","Alexian Brothers Regional Cancer Care Center","Elk Grove Village","IL","USA"
"IL247","LaGrange Oncology Associates","Geneva","IL","USA"
"IL248","Carol Jo Vecchie Women and Children's Center","Springfield","IL","USA"
"IL249","Advanced Care & Treatment Medical Group, S.C.","Rockford","IL","USA"
"IL250","Chicago Prostate Cancer Center","Westmont","IL","USA"
"IL251","Feinberg School of Medicine","Chicago","IL","USA"
"IL252","Harris Pharmacy","Arlington Heights","IL","USA"
"IL253","Illinois Oncology Limited","Belleville","IL","USA"
"IL254","Southern Illinois Surgical Consultants","Swansea","IL","USA"
"IL255","Lincoln Surgical Group","Belleville","IL","USA"
"IL256","Alexian Brothers Medical Center","Bloomingdale","IL","USA"
"IL257","Illinois Cardiac Surgery Association","Peoria","IL","USA"
"IL258","Delnor Community Hospital","Geneva","IL","USA"
"IL259","Illini Hospital","Silvis","IL","USA"
"IL260","University of Illinois College of Medicine - Chicago","Chicago","IL","USA"
"IL261","Midwest Center for Hematology/Oncology","Joliet","IL","USA"
"IL262","AmericasDoctor, Inc.","Gurnee","IL","USA"
"IL263","Hematology Oncology Associates of Illinois - Elmhurst","Elmhurst","IL","USA"
"IL264","Cancer Care and Hematology Specialists of Chicagoland PC","Winfield","IL","USA"
"IL266","North Shore Oncology & Hematology Associates","Barrington","IL","USA"
"IL267","Block Medical Center","Evanston","IL","USA"
"IL268","Chicago Gynecologic Oncology, S.C.","Palatine","IL","USA"
"IL269","Edward Center for Radiation Therapy","Lisle","IL","USA"
"IL270","St. Johns Pavilion","Springfield","IL","USA"
"IL271","Peoria Surgical Group","Peoria","IL","USA"
"IL272","Peoria Gynecologic/Oncology","Peoria","IL","USA"
"IL273","Medical & Surgical Specialists","Galesburg","IL","USA"
"IL274","Saint James Hospital and Health Centers-Olympia Fields","Olympia Fields","IL","USA"
"IL275","Heart Care Midwest Surgeons","Peoria","IL","USA"
"IL276","The Rockford Surgical Service","Rockford","IL","USA"
"IL277","Oncology Hematology of Central Illinois - Ottawa","Ottawa","IL","USA"
"IL278","Saint James Hospital and Health Centers Comprehensive Cancer Institute","Olympia Fields","IL","USA"
"IL279","North Shore Oncology and Hematology Associates- McHenry","McHenry","IL","USA"
"IL280","Cancer Institute at Alexian Brothers","Elk Grove Village","IL","USA"
"IL281","Surgical Practice, Ltd.","Aurora","IL","USA"
"IL282","Raymond G. Scott Cancer Center","Geneva","IL","USA"
"IL283","Saint Vincent Memorial Hospital","Taylorville","IL","USA"
"IL284","Fairfield Memorial Hospital","Fairfield","IL","USA"
"IL285","Pana Coomunity Hospital","Pana","IL","USA"
"IL286","Shelby Memorial Hospital","Shelbyville","IL","USA"
"IL287","Fox Valley Hematology and Oncology, Ltd. - Elgin","Elgin","IL","USA"
"IL288","Fox Valley Hematology and Oncology, Ltd. - McHenry","McHenry","IL","USA"
"IL289","Fox Valley Hematology and Oncology, Ltd. - Woodstock","Woodstock","IL","USA"
"IL290","Clay County Hospital","Flora","IL","USA"
"IL291","Passavant Area Hospital","Jacksonville","IL","USA"
"IL292","Abraham Lincoln Memorial Hospital","Lincoln","IL","USA"
"IL293","Southern Illinois University School of Medicine - Department of Surgery","Springfield","IL","USA"
"IL294","Southern Illinois University School of Medicine - Obstetrics and Oncology","Springfield","IL","USA"
"IL295","Southern Illinois University School of Medicine - Breast Center","Springfield","IL","USA"
"IL296","Provident Hospital of Cook County","Chicago","IL","USA"
"IL297","Dr. John Warner Hospital","Clinton","IL","USA"
"IL298","University Surgeons","Chicago","IL","USA"
"IL299","Glen Morton Oncology","Chicago","IL","USA"
"IL300","Center for Advanced Breast Care","Arlington Heights","IL","USA"
"IL301","Surgical Specialists of Decatur","Decatur","IL","USA"
"IL302","ENTA Allergy, Head & Neck Institute","Decatur","IL","USA"
"IL303","Oncology Specialists, S.C.","Park Ridge","IL","USA"
"IL304","Southern Illinois Hematology/Oncology","Centralia","IL","USA"
"IL305","Gynecologic Oncology","Hinsdale","IL","USA"
"IL306","Northwest Suburban Surgical Specialists","Arlington Heights","IL","USA"
"IL307","NIU Institute for Neutron Therapy at Fermilab","Batavia","IL","USA"
"IL308","La Grange Oncology Associates, SC","La Grange","IL","USA"
"IL309","SwedishAmerican Regional Cancer Center","Rockford","IL","USA"
"IL310","Garneau, Stewart C MD (UIA Investigator)","Moline","IL","USA"
"IL311","Porubcin, Michael MD (UIA Investigator)","Moline","IL","USA"
"IL312","Suh, Jason Jung-Gon MD (UIA Investigator)","Moline","IL","USA"
"IL313","Stoffel, Thomas J  MD (UIA Investigator)","Moline","IL","USA"
"IL314","Vigliotti, Antonio, P.G. M.D. (UIA Investigator)","Moline","IL","USA"
"IL315","Sharis, Christine M MD (UIA Investigator)","Moline","IL","USA"
"IL316","Anderson, Richard, C. M.D. (UIA Investigator)","Peoria","IL","USA"
"IL317","Rashid, Thomas, M.D. (UIA Investigator)","Peoria","IL","USA"
"IL318","Provena Saint Mary's Cancer Center","Bourbonnais","IL","USA"
"IL319","OSF Saint Francis Medical Center Radiation Oncology Service at the Central Illinois Comprehensive CC","Peoria","IL","USA"
"IL320","Associates in Medical Oncology, SC","Oak Lawn","IL","USA"
"IL321","Mueller, Dale K MD (UIA Investigator)","Peoria","IL","USA"
"IL322","Hematology Oncology Associates of Illinois","Chicago","IL","USA"
"IL323","Creticos Cancer Center","Chicago","IL","USA"
"IL324","Associated Midwest Surgeons Ltd","Peoria","IL","USA"
"IL325","Kankakee Cancer Care","Kankakee","IL","USA"
"IL326","Flossmoor Cancer Care","Flossmoor","IL","USA"
"IL327","Hematology Oncology Consultants Inc","Alton","IL","USA"
"IL328","Resurrection West Suburban Healthcare","Oak Park","IL","USA"
"IL329","Rush-Riverside Cancer Institute","Bourbonnais","IL","USA"
"IL330","Resurrection Medical Center","Chicago","IL","USA"
"IL331","Advanced Surgical Associates","Arlington Heights","IL","USA"
"IL332","Clintell Inc","Skokie","IL","USA"
"IL333","Oncology and Hematology Care Center of the Quad Cities","Moline","IL","USA"
"IL334","Saint Clare's Hosptial","Alton","IL","USA"
"IL335","Kellogg Cancer Care Pharmacy","Highland Park","IL","USA"
"IL336","Cancer Care Specialists Ltd","Tinley Park","IL","USA"
"IL337","Surgical Consultants Limited","Palos Heights","IL","USA"
"IL338","Iwanetz Medical Clinic","Dolton","IL","USA"
"IL339","Suburban Surgical Care Specialists SC - Arlington Heights","Arlington Heights","IL","USA"
"IL340","Center for Comprehensive Cancer Care","Mount Vernon","IL","USA"
"IL341","Midwest Center for Cancer and Blood","Sandwich","IL","USA"
"IL342","Ira J Piel MD FACP SC","Gurnee","IL","USA"
"IL343","Ann Kinnealey MD PC","Evanston","IL","USA"
"IL344","Oncology Hematology Associates of Central Illinois PC","Kewanee","IL","USA"
"IL345","Elmhurst Memorial Oncology Services LLC","Lombard","IL","USA"
"IL346","Saint Alexius Medical Center","Hoffman Estates","IL","USA"
"IL347","Northwest Neurosurgery Institute LLC","Arlington Heights","IL","USA"
"IN001","Dow Chemical Company","Zionsville","IN","USA"
"IN002","Saint Francis Hospital and Health Centers","Beech Grove","IN","USA"
"IN003","Methodist Hospital","Merrillville","IN","USA"
"IN004","Richard L. Roudebush Veterans Affairs Medical Center","Indianapolis","IN","USA"
"IN005","Clarian Health","Indianapolis","IN","USA"
"IN006","Community Regional Cancer Care-North","Indianapolis","IN","USA"
"IN007","Indiana University Medical Center","Indianapolis","IN","USA"
"IN009","Riley Hospital for Children","Indianapolis","IN","USA"
"IN010","Saint Vincent Hospital and Health Services","Indianapolis","IN","USA"
"IN011","Saint Anthony Medical Center","Crown Point","IN","USA"
"IN012","Saint Catherine Hospital","Indianapolis","IN","USA"
"IN013","Porter Memorial Hospital","Valparaiso","IN","USA"
"IN014","Gary Methodist Hospital","Gary","IN","USA"
"IN015","Saint Joseph's Medical Center","South Bend","IN","USA"
"IN016","Pediatric Oncology Hematology of Indiana","Indianapolis","IN","USA"
"IN017","Parkview Memorial Hospital","Fort Wayne","IN","USA"
"IN018","Lutheran Hospital of Indiana","Fort Wayne","IN","USA"
"IN019","Saint Joseph's Memorial Hospital","Kokomo","IN","USA"
"IN022","Ball Memorial Hospital","Muncie","IN","USA"
"IN024","Mead Johnson and Company","Evansville","IN","USA"
"IN025","Saint Mary's Medical Center","Evansville","IN","USA"
"IN026","Union Hospital","Terre Haute","IN","USA"
"IN027","Saint Elizabeth Hospital","Lafayette","IN","USA"
"IN028","Purdue University","West Lafayette","IN","USA"
"IN029","Methodist Hospital.","Beach Grove","IN","USA"
"IN030","Elkhart General Hospital","Elkhart","IN","USA"
"IN032","University Heights Cancer Center","Indianapolis","IN","USA"
"IN033","Hoosier Oncology Group","Indianapolis","IN","USA"
"IN034","Reid Hospital and Health Care Services","Richmond","IN","USA"
"IN035","Laporte Hospital","La Porte","IN","USA"
"IN036","Memorial Hospital of South Bend","South Bend","IN","USA"
"IN037","Lafayette Home Hospital","Lafayette","IN","USA"
"IN038","Wishard Hospital","Indianapolis","IN","USA"
"IN039","Columbus Regional Hospital","Columbus","IN","USA"
"IN040","Indianapolis Breast Clinic","Indianapolis","IN","USA"
"IN041","Daviess County Hospital","Washington","IN","USA"
"IN042","Deaconess Hospital","Evansville","IN","USA"
"IN043","Arnett Clinic","Lafayette","IN","USA"
"IN044","The Community Hospital","Munster","IN","USA"
"IN046","Clarian Health - Methodist Hospital","Indianapolis","IN","USA"
"IN047","Cancer Health Association, P.C.","Munster","IN","USA"
"IN048","Southern In Cancer Center","Jeffersonville","IN","USA"
"IN049","Therapy Associates Inc-Evansville Cancer Center","Evansville","IN","USA"
"IN050","Medical Consultants","Muncie","IN","USA"
"IN051","Michiana Hematology Oncology P.C.","South Bend","IN","USA"
"IN052","Cancer Health Associate","Merrillville","IN","USA"
"IN053","American Health Network Inc","Indianapolis","IN","USA"
"IN054","Michiana Hematology-Oncology, Professional Corporation","Indianapolis","IN","USA"
"IN055","Caylor-Nickel Hospital","Bluffon","IN","USA"
"IN056","Wabash County Hospital","Wabash","IN","USA"
"IN057","Memorial Hospital of Jackson County","Seymour","IN","USA"
"IN058","Putnam County Hospital","Greencastle","IN","USA"
"IN059","Tipton County Memorial Hospital","Tipton","IN","USA"
"IN060","White County Memorial Hospital","Monticello","IN","USA"
"IN061","King's Daughters Hospital","Madison","IN","USA"
"IN062","Howard Regional Healthcare System","Kokomo","IN","USA"
"IN063","Good Samaritan Hospital","Vincennes","IN","USA"
"IN064","Saint John's Health System Cancer Center","Anderson","IN","USA"
"IN065","Oncology/Hematology Department","Porter","IN","USA"
"IN066","Cancer Care Center","New Albany","IN","USA"
"IN071","Cancer Care Center of Southern Indiana","Bloomington","IN","USA"
"IN072","Cancer Care Specialists, P.C.","Indianapolis","IN","USA"
"IN073","Arnett Cancer Care","Lafayette","IN","USA"
"IN074","Fort Wayne Medical Oncology and Hematology Inc - State Boulevard","Fort Wayne","IN","USA"
"IN075","Bedford Regional Medical Center","Bedford","IN","USA"
"IN076","Oncology Hematology Associates of South West Indiana - Saint Mary's Cancer Center","Evansville","IN","USA"
"IN077","Indiana Community Cancer Care","Indianapolis","IN","USA"
"IN078","Riverview Hospital","Noblesville","IN","USA"
"IN079","Child Life Center","Merrillville","IN","USA"
"IN080","Saint Joseph Regional Medical Center - Mishawaka","Plymouth","IN","USA"
"IN081","Elkhart Clinic","Elkhart","IN","USA"
"IN082","Saint Joseph's Reg. Med. Ctr -Plymouth Campus","Plymouth","IN","USA"
"IN083","Center for Cancer Care at Goshen Health System","Goshen","IN","USA"
"IN085","Bloomington Hospital","Bloomington","IN","USA"
"IN086","Indiana Blood\Marrow Transplantation, LLC","Beech Grove","IN","USA"
"IN087","St. Francis Hospital & Health Centers","Indianapolis","IN","USA"
"IN088","American Health Network of Indiana LLC","Indianapolis","IN","USA"
"IN089","Assoc Physicians and Surgeons Clinic","Terre Haute","IN","USA"
"IN090","Northern Indiana Cancer Research Consortium","South Bend","IN","USA"
"IN091","Oncology Hematology Associates, Inc","Indianapolis","IN","USA"
"IN092","Oncology and Hematology Associates Inc","Indianapolis","IN","USA"
"IN093","Northern Indiana Oncology Associates","South Bend","IN","USA"
"IN094","Urology Care Center","Bloomington","IN","USA"
"IN095","Internal Medicine Associates, Inc.","Blomington","IN","USA"
"IN096","Northern Indiana Neurological Ins't","Merrillville","IN","USA"
"IN097","Marion Cancer Care Center","Marion","IN","USA"
"IN098","Central Indiana Cancer Centers - Indianapolis","Indianapolis","IN","USA"
"IN099","Hematology/Oncology Associates","Indianapolis","IN","USA"
"IN100","Gerald P. Murphy Cancer Foundation","West Lafayette","IN","USA"
"IN101","Saint Anthony Memorial Health Center","Michigan City","IN","USA"
"IN102","Medical Center of Vincennes","Vincennes","IN","USA"
"IN103","Evansville Surgical Associates","Evansville","IN","USA"
"IN104","Summit Urology","Bloomington","IN","USA"
"IN105","Central Indiana Cancer Center - Fishers","Fishers","IN","USA"
"IN106","Kosciusko Community Hospital","Warsaw","IN","USA"
"IN107","Hammond Clinic","Munster","IN","USA"
"IN108","Michiana Hematology - Oncology, P.C.","Elkhart","IN","USA"
"IN109","St. Joseph's Radiation Oncology","South Bend","IN","USA"
"IN110","Oncology & Hematology Associates of South West Indiana - Chancellor Cancer Center","Newburgh","IN","USA"
"IN111","Cardiac Surgery Associates","Munster","IN","USA"
"IN112","Premier Oncology Hematology Associates","Merrillville","IN","USA"
"IN113","Michiana Cancer Center","Michigan City","IN","USA"
"IN114","Cancer Care Group PC","Indianapolis","IN","USA"
"IN115","Indiana Gynecologic Oncology","Indianapolis","IN","USA"
"IN116","General and Vascular Surgery PC-South Bend","South Bend","IN","USA"
"IN118","Urology Associates of South Bend","South Bend","IN","USA"
"IN119","Northwest Oncology, P.C.","Munster","IN","USA"
"IN120","Saint Margaret Mercy Healthcare Centers- North Campus","Hammond","IN","USA"
"IN121","The South Bend Clinic and Surgicenter-Granger","Granger","IN","USA"
"IN122","Radiation Oncology Associates, P.C.","Fort Wayne","IN","USA"
"IN123","Purdue University Calumet","Hammond","IN","USA"
"IN124","Horizon Oncology Center","Lafayette","IN","USA"
"IN125","Madison County Cancer Center","Anderson","IN","USA"
"IN126","Wagner and Associates","Indianapolis","IN","USA"
"IN127","Center for Women's Health","Greenwood","IN","USA"
"IN128","Community Hospital North","Indianapolis","IN","USA"
"IN129","Hematology Oncology Associates -- LaPorte County","LaPorte","IN","USA"
"IN130","Indiana University Cancer Center","Indianapolis","IN","USA"
"IN131","Monroe Medical Associates","Munster","IN","USA"
"IN132","Allied Hematology Oncology Associates LLC","South Bend","IN","USA"
"IN133","Hematology and Oncology of Indiana PC","Indianapolis","IN","USA"
"IN134","Central Indiana Cancer Centers - Greenfield","Greenfield","IN","USA"
"IN135","Clarion North Medical Center","Carmel","IN","USA"
"IN136","Bluffton Regional Medical Center","Bluffton","IN","USA"
"IN137","Indiana Hemophilia and Thrombosis Center","Indianapolis","IN","USA"
"IN138","Saint Mary Medical Center","Hobart","IN","USA"
"IN139","Monroe Medical Associates - Hobart","Hobart","IN","USA"
"IN140","Clarian West Medical Center","Avon","IN","USA"
"IN141","Indiana Women's Oncology PC","Indianapolis","IN","USA"
"IN142","Gynecologic Oncology of Indiana","Indianapolis","IN","USA"
"IN143","Indiana University - Purdue University Indianapolis","Indianapolis","IN","USA"
"IN144","Navarre Medical Group","South Bend","IN","USA"
"IN145","Indiana Radiation Oncology LLC","Indianapolis","IN","USA"
"IN146","Breast Care Center of Indiana","Indianapolis","IN","USA"
"IN147","Corvasc MD's PC","Indianapolis","IN","USA"
"IN148","Kendrick Regional Center for Colon and Rectal Care","Indianapolis","IN","USA"
"IN149","The Center for Wholism","Bloomington","IN","USA"
"IN150","Northwest Indiana Oncology PC","Michigan City","IN","USA"
"IN151","Saint Vincent Oncology Center","Indianapolis","IN","USA"
"IN152","General and Vascular Surgery PC-Elkhart","Elkhart","IN","USA"
"IN153","Quality Oncology Care","Indianapolis","IN","USA"
"IN154","Fort Wayne Medical Oncology and Hematology Inc - Jefferson Boulevard","Fort Wayne","IN","USA"
"IN155","Community Regional Cancer Care-East Medical Oncology","Indianapolis","IN","USA"
"IN156","Community Regional Cancer Care-East Radiation Oncology","Indianapolis","IN","USA"
"IN157","South Bend Clinic","South Bend","IN","USA"
"IRS","Intergroup Rhabdomyosarcoma Study","","","USA"
"KS002","Wichita Clinic, PA","Wichita","KS","USA"
"KS003","Lawrence Memorial Hospital","Lawrence","KS","USA"
"KS004","University of Kansas Medical Center","Kansas City","KS","USA"
"KS005","Irwin Army Community Hospital","Fort Riley","KS","USA"
"KS006","Memorial Hospital","Topeka","KS","USA"
"KS007","Topeka VA Hospital","Topeka","KS","USA"
"KS008","Coffey County Hospital","Burlington","KS","USA"
"KS009","Saint Francis Hospital/Witchita Incorporated","Wichita","KS","USA"
"KS010","Wesley Medical Center","Wichita","KS","USA"
"KS011","Saint Francis Regional Medical Center","Wichita","KS","USA"
"KS016","University of Kansas - Wichita","Wichita","KS","USA"
"KS017","Wichita CCOP","Wichita","KS","USA"
"KS018","Capital Region Radiation Oncology Center","Topeka","KS","USA"
"KS019","Saint Joseph Medical Center","Wichita","KS","USA"
"KS020","Olathe Medical Center","Olathe","KS","USA"
"KS021","Harry Hynes Memorial Hospice","Wichita","KS","USA"
"KS022","Cotton-O'Neil Clinic, P.A.","Topeka","KS","USA"
"KS023","Mount Carmel Regional Cancer Center","Pittsburg","KS","USA"
"KS024","Wichita State University","Wichita","KS","USA"
"KS025","Phillips County Hospital","Phillipsburg","KS","USA"
"KS026","Hutchinson Hospital","Hutchinson","KS","USA"
"KS027","Stormont-Vail Regional Health Center","Topeka","KS","USA"
"KS028","Georgetown Medical Building","Shawnee Mission","KS","USA"
"KS029","Salina Regional Health Center.","Salina","KS","USA"
"KS030","Bethany Medical Center","Kansas City","KS","USA"
"KS031","Saint John Hospital","Salina","KS","USA"
"KS032","Salina Breast Cancer Prevention and Treatment Subcenter","Salina","KS","USA"
"KS033","Hutchinson Clinic","Hutchinson","KS","USA"
"KS034","Cancer Center of Kansas - Main Office","Wichita","KS","USA"
"KS035","Hays Medical Center","Hays","KS","USA"
"KS036","Cancer Center of Kansas - Dodge City","Dodge City","KS","USA"
"KS037","Menorah Medical Center","Overland Park","KS","USA"
"KS038","Oncology/Hematology Associates of Kansas City","Overland Park","KS","USA"
"KS039","Radiation Oncology Practice Corporation Southwest","Overland Park","KS","USA"
"KS040","Overland Park Regional Medical Center","Overland Park","KS","USA"
"KS041","Providence Medical Center","Kansas City","KS","USA"
"KS042","Radiation Oncology Center of Olathe","Olathe","KS","USA"
"KS043","Shawnee Mission Medical Center","Shawnee Mission","KS","USA"
"KS044","Memorial Hospital of Arkansas City","Arkansas City","KS","USA"
"KS045","Neosha Memorial Regional","Chanute","KS","USA"
"KS046","Veteran's Administration Medical Center","Wichita","KS","USA"
"KS047","Western Plains Regional Hospital","Dodge City","KS","USA"
"KS048","William Newton Memorial Hospital","Winfield","KS","USA"
"KS049","Lawrence Internal Medicine, PA","Lawrence","KS","USA"
"KS050","Cancer Center of Kansas - Winfield","Winfield","KS","USA"
"KS051","Cancer Center of Kansas - Chanute","Chanute","KS","USA"
"KS052","Cancer Center of Kansas - Newton","Newton","KS","USA"
"KS053","Cancer Center of Kansas - Wellington","Wellington","KS","USA"
"KS054","Cancer Center of Kansas - Salina","Salina","KS","USA"
"KS055","Via Christi Regional Medical Center","Wichita","KS","USA"
"KS056","Associates In Womens Health","Wichita","KS","USA"
"KS057","Central Care Cancer Center","Newton","KS","USA"
"KS058","The University of Kansas","Lawrence","KS","USA"
"KS059","Saint Francis Hospital and Medical Center - Topeka","Topeka","KS","USA"
"KS060","Veteran Administration Eastern Kansas Healthcare","Leavenworth","KS","USA"
"KS061","Kansas City Cancer Centers","Overland Park","KS","USA"
"KS062","Bio-Communications Research Institute","Wichita","KS","USA"
"KS063","Cancer Center of Kansas - Pratt","Pratt","KS","USA"
"KS064","Southwest Medical Center","Liberal","KS","USA"
"KS065","Halstead Hertzler Cancer Center of Kansas","Halstead","KS","USA"
"KS066","Cancer Center of Kansas-Kingman","Kingman","KS","USA"
"KS067","Cancer Center of Kansas-Medical Arts Tower","Wichita","KS","USA"
"KS068","Kansas Pediatric Hematology & Oncology","Wichita","KS","USA"
"KS069","Cancer Center of Kansas - McPherson","McPherson","KS","USA"
"KS070","Kansas Surgical Consultants, LLP","Wichita","KS","USA"
"KS071","Wichita Urology Group","Wichita","KS","USA"
"KS072","Midwest Surgical","Wichita","KS","USA"
"KS073","Cancer Center of Kansas - Parsons","Parsons","KS","USA"
"KS074","Cancer Center of Kansas - Ottawa","Ottawa","KS","USA"
"KS075","Cancer Center of Kansas - El Dorado","El Dorado","KS","USA"
"KS076","Susan B. Allen Memorial Hospital","El Dorado","KS","USA"
"KS077","Kansas City Cancer Centers - Lenexa","Lenexa","KS","USA"
"KS078","Lawrence Cancer Center","Lawrence","KS","USA"
"KS079","South Kansas City Surgical Center","Overland Park","KS","USA"
"KS080","Mid-American Sarcoma Institute","Overland Park","KS","USA"
"KS081","Heartland Research Associates, LLC","Wichita","KS","USA"
"KS082","Mowery Cancer Center","Salina","KS","USA"
"KS083","Cancer Center of Kansas - Wichita","Wichita","KS","USA"
"KS084","Mowery Clinic LLC","Salina","KS","USA"
"KS085","Wichita Surgical Specialists PA","Wichita","KS","USA"
"KS086","Tammy Walker Cancer Center","Salina","KS","USA"
"KS087","Cotton-O'Neil Cancer Center","Topeka","KS","USA"
"KS088","University of Kansas Hospital - Westwood Cancer Center","Westwood","KS","USA"
"KY001","Ireland Army Hospital","Fort Knox","KY","USA"
"KY002","University of Louisville","Louisville","KY","USA"
"KY003","Jewish Hospital","Louisville","KY","USA"
"KY004","Childrens Hospital of Louisville","Louisville","KY","USA"
"KY005","Louisville VA Medical Center","Louisville","KY","USA"
"KY006","Louisville General Hospital","Louisville","KY","USA"
"KY009","Saint Joseph Hospital","Lexington","KY","USA"
"KY010","University of Kentucky","Lexington","KY","USA"
"KY011","Veteran's Administration Medical Center - Lexington","Lexington","KY","USA"
"KY012","Good Samaritan Hospital","Lexington","KY","USA"
"KY015","Saint Elizabeth Medical Center South","Edgewood","KY","USA"
"KY016","Saint Luke Hospital","Fort Thomas","KY","USA"
"KY017","King's Daughter's Medical Center","Ashland","KY","USA"
"KY018","Lourdes Hospital","Paducah","KY","USA"
"KY019","Medical Center","Bowling Green","KY","USA"
"KY020","Blanchfield Army Hospital","Fort Campbell","KY","USA"
"KY021","Taylor Regional Hospital","Campbellsville","KY","USA"
"KY022","Alliant Medical Group","Louisville","KY","USA"
"KY023","Markey Cancer Center","Lexington","KY","USA"
"KY024","Baptist Hospital East","Louisville","KY","USA"
"KY025","Merle Mahr Cancer Center","Madisonville","KY","USA"
"KY026","Central Baptist Hospital","Lexington","KY","USA"
"KY027","Kosair Children's Hospital","Louisville","KY","USA"
"KY028","Greenview Hospital (Hca)","Bowling Green","KY","USA"
"KY029","Kentuckiana Medical","Louisville","KY","USA"
"KY030","John D Cronin Cancer Center at Lexington Clinic","Lexington","KY","USA"
"KY031","Our Lady Bellefonte Hospital","Ashland","KY","USA"
"KY033","Highland Regional Medical Center","Prestonsburg","KY","USA"
"KY034","Specialty Medical Center","Elizabethtown","KY","USA"
"KY035","University Surgical Association","Louisville","KY","USA"
"KY036","Bellfonte Cancer Center","Ashland","KY","USA"
"KY037","Graves-Gilbert Clinic","Bowling Green","KY","USA"
"KY038","Lexington Clinic","Lexington","KY","USA"
"KY039","Ephraim McDowell Regional Medical Center","Danville","KY","USA"
"KY040","Norton Suburban Hospital","Louisville","KY","USA"
"KY041","Bluegrass Hematology/Oncology, PSC","Lexington","KY","USA"
"KY042","Oncology Hematology Care, Incorporated","Crestview Hills","KY","USA"
"KY043","Western Baptist Hospital","Paducah","KY","USA"
"KY044","Springs Medcial Center","Louisville","KY","USA"
"KY045","Caritas Regional Cancer Center","Louisville","KY","USA"
"KY046","Murray-Calloway County Hospital","Murray","KY","USA"
"KY047","Pikeville Medical Center","Pikeville","KY","USA"
"KY049","Norton Health Care Pavilion - Downtown","Louisville","KY","USA"
"KY051","Owensboro Mercy Medical Center","Owensboro","KY","USA"
"KY052","Caritas Health System","Louisville","KY","USA"
"KY053","Kentuckiana Cancer Institute, PLLC","Louisville","KY","USA"
"KY054","Norton Hospital and Healthcare","Louisville","KY","USA"
"KY055","Drs.Carrol, Sheth, Raghavan","Louisville","KY","USA"
"KY056","Tri-State Hematology/Oncology","Ashland","KY","USA"
"KY057","Lake Cumberland Regional Hospital","Somerset","KY","USA"
"KY058","Saint Claire Cancer Treatment Center","Morehead","KY","USA"
"KY059","Kentucky Clinic Berea","Berea","KY","USA"
"KY060","Graves Gilbert Clinic","Glasgow","KY","USA"
"KY061","Purchase Cancer Group","Paducah","KY","USA"
"KY062","Oncology Associates of  West Kentucky","Paducah","KY","USA"
"KY063","Urology Center of Northeastern Kentucky","Ashland","KY","USA"
"KY064","Commonwealth Cancer Center of Danville","Danville","KY","USA"
"KY065","West Kentucky Hematology/Oncology Group","Paducah","KY","USA"
"KY066","Thoracic Vascular Associates","Louisville","KY","USA"
"KY067","Consultants in Blood Disorders and Cancer","Louisville","KY","USA"
"KY068","Ohio Valley Surgical Specialists","Owensboro","KY","USA"
"KY069","University Pediatric Surgery Associates","Louisville","KY","USA"
"KY070","Owensboro Cancer Center","Owensboro","KY","USA"
"KY071","Common Wealth Cancer Center","Corbin","KY","USA"
"KY072","Baptist Regional Medical Center","Corbin","KY","USA"
"KY073","Caritas Health Services - Medical Plaza #1","Louisville","KY","USA"
"KY074","James Graham Brown Cancer Center","Louisville","KY","USA"
"KY075","Commonwealth Urology PSC","Lexington","KY","USA"
"KY076","Tri-State Cancer and Blood Specialist","Ashland","KY","USA"
"KY077","University Cardiothoracic Surgical Associates","Louisville","KY","USA"
"KY078","Taylor Regional Surgical Associates","Campbellsville","KY","USA"
"KY079","United Radiation Oncology","Lexington","KY","USA"
"KY080","Northeastern Kentucky Surgeons PSC","Ashland","KY","USA"
"KY081","Murray Oncology Associates","Murray","KY","USA"
"KY082","Saint Joseph Healthcare Research Center","Lexington","KY","USA"
"KY083","Lexington Oncology Associates PSC","Lexington","KY","USA"
"KY084","Carroll Sheath and Raghavan MD","Louisville","KY","USA"
"LA001","Tulane University Hospital and Clinic","New Orleans","LA","USA"
"LA002","Louisiana State University Health Science Center","New Orleans","LA","USA"
"LA003","Inter Com Cancer Center S Baptist Hospital","New Orleans","LA","USA"
"LA004","Children's Hospital","New Orleans","LA","USA"
"LA005","US Phs Hospital","New Orleans","LA","USA"
"LA006","Medical Arts Center","Houma","LA","USA"
"LA007","Ochsner Clinic Foundation","New Orleans","LA","USA"
"LA008","Veteran's Administration Medical Center - New Orleans","New Orleans","LA","USA"
"LA009","South Louisiana Medical Center","Houma","LA","USA"
"LA010","Lafayette Charity Hospital","Lafayette","LA","USA"
"LA011","Louisiana State University.","Lafayette","LA","USA"
"LA013","Baton Rouge Clinic","Baton Rouge","LA","USA"
"LA014","Christus Schumpert Highland Hospital","Shreveport","LA","USA"
"LA016","Christus Schumpert Saint Mary's Place","Shreveport","LA","USA"
"LA017","Louisiana State University","Shreveport","LA","USA"
"LA018","Veteran's Administration Medical Center","Shrevport","LA","USA"
"LA019","Saint Francis Medical Center","Monroe","LA","USA"
"LA021","Veteran's Administration Medical Center","Alexandria","LA","USA"
"LA022","Jefferson Oncology Clinic","Metairie","LA","USA"
"LA024","Ochsner Clinic Foundation-Baton Rouge","Baton Rouge","LA","USA"
"LA026","Woman's Hospital","Baton Rouge","LA","USA"
"LA027","Doctors Hospital of Jefferson","Metairie","LA","USA"
"LA028","Terrebonne General Hospital","Houma","LA","USA"
"LA029","Medical Center of Louisiana","New Orleans","LA","USA"
"LA030","Baton Rouge General Medical Center","Baton Rouge","LA","USA"
"LA031","Thibodaux Regional Medical Center","Thibodaux","LA","USA"
"LA032","Memorial Medical Center","New Orleans","LA","USA"
"LA033","Methodist Cancer Center","New Orleans","LA","USA"
"LA034","Willis Knighton Medical Center","Shreveport","LA","USA"
"LA035","Mary Bird Perkins Cancer Center","Baton Rouge","LA","USA"
"LA036","Mercy Baptist Medical Center","New Orleans","LA","USA"
"LA037","Our Lady of Lourdes Regional Medical Center","Lafayette","LA","USA"
"LA038","Inter-Community Cancer Center","Houma","LA","USA"
"LA039","Freedman Clinic","Alexandria","LA","USA"
"LA040","Ochsner Clinic CCOP","New Orleans","LA","USA"
"LA041","Earl K. Long Hospital","Baton Rouge","LA","USA"
"LA042","Our Lady of The Lake","Baton Rouge","LA","USA"
"LA043","Overton Brooks Veteran's Administration Medical Center","Shreveport","LA","USA"
"LA044","Slidell Memorial Hospital","Slidell","LA","USA"
"LA045","East Jefferson General","Metairie","LA","USA"
"LA046","Medical Center of Baton Rouge","Baton Rouge","LA","USA"
"LA047","Louisiana State University Medical Center CCOP","New Orleans","LA","USA"
"LA050","Romagosa Radiation/ Oncology Center","Lafayette","LA","USA"
"LA051","Medical Oncology Hematology Clinic","West Monroe","LA","USA"
"LA052","Urology Clinic","Shreveport","LA","USA"
"LA053","Internal Medicine Clinic/Houma","Houma","LA","USA"
"LA054","Romagosa Radiation Oncology Center","New Iberia","LA","USA"
"LA055","Northeast Louisiana Cancer Institute","West Monroe","LA","USA"
"LA057","Oncology Center of The South, Incorporated.,","Houma","LA","USA"
"LA058","University Hospital","New Orleans","LA","USA"
"LA059","Pennington Biomedical Research Center","Baton Rouge","LA","USA"
"LA060","Louisiana Oncology Associates Pmc","Lafayette","LA","USA"
"LA061","Pendleton Memorial Methodist Hospital","New Orleans","LA","USA"
"LA062","Hematology and Oncology Clinic.","Baton Rouge","LA","USA"
"LA063","Rapides Regional Medical Center","Alexandria","LA","USA"
"LA064","Cancer Care Center of Terrebonne Center/alton Ochsner","Houma","LA","USA"
"LA065","Hematology & Oncology Services, LLC","New Orleans","LA","USA"
"LA066","Touro Infirmary","New Orleans","LA","USA"
"LA067","Christus Saint Frances Cabrini Hospital","Alexandria","LA","USA"
"LA068","Louisiana State University Sciences Center- Monroe","Monroe","LA","USA"
"LA069","Medical Center of Southwest Louisiana","Lafayette","LA","USA"
"LA070","MBCCOP, Baton Rouge Gen Reg Cancer Ctr","Baton Rouge","LA","USA"
"LA072","Hematology and Oncology Specialists LLC OncRx","Metairie","LA","USA"
"LA073","Hematology/Oncology Specialists, LLC","Marrero","LA","USA"
"LA074","Medical Oncology, L.L.C","Baton Rouge","LA","USA"
"LA075","Frank P. Savoy Cancer Center","Mamou","LA","USA"
"LA076","Ocean Springs Hospital","Ocean Springs","LA","USA"
"LA078","Cardiovascular Institute of the South - Lafayette","Lafayette","LA","USA"
"LA079","Lake Charles Medical and Surgical Clinic","Lake Charles","LA","USA"
"LA080","Willis-Knighton Cancer Center","Shreveport","LA","USA"
"LA081","Saint Jude Affiliate/Baton Rouge","Baton Rouge","LA","USA"
"LA082","Ochsner North Shore Medical Center","Covington","LA","USA"
"LA083","The Urology Center of Southwest Louisiana","Lake Charles","Louisiana","USA"
"LA084","Hematology Oncology Life Center","Alexandria","LA","USA"
"LA085","Acadiana Medical Oncology, L.L.C.","Lafayette","LA","USA"
"LA086","Northlake Hematology/Oncology Associates Inc.","Hammond","LA","USA"
"LA087","Hematology and Oncology Life Center","Alexandria","LA","USA"
"LA088","Surgical Specialty Group","Baton Rouge","LA","USA"
"LA089","DeSoto Regional Health System","Mansfield","LA","USA"
"LA090","Highland Clinic","Shreveport","LA","USA"
"LA091","New Orleans Cancer Institute","New Orleans","LA","USA"
"LA092","OncoLogics Inc","Lafayette","LA","USA"
"LA093","Cancer Care Specialists","Houma","LA","USA"
"LA094","Tulane - Lakeside Hospital","Metairie","LA","USA"
"LA095","Bayou Oncology Specialist","Thibodaux","LA","USA"
"LA096","Lakeview Regional Medical Center","Covington","LA","USA"
"LA097","Lincoln General Hospital","Ruston","LA","USA"
"LA098","Ochsner For Children Ambulatory Care Center","New Orleans","LA","USA"
"LA099","Hematology and Oncology","Shreveport","LA","USA"
"LA100","Hematology & Oncology Specialists LLC","Metairie","LA","USA"
"LA101","Lousiana Hematology / Oncology Associates LLC","Baton Rouge","LA","USA"
"LA102","Drs Gurtler Brinz and Russo APMC-Metairie Oncologists","Metairie","LA","USA"
"LA103","Cardiovascular Institute of the South","Houma","LA","USA"
"LA104","Louisiana State University Healthcare Network","Baton Rouge","LA","USA"
"LA105","Robert Veith MD LLC","Metairie","LA","USA"
"LA106","Lallie Kemp Regional Medical Center","Independence","LA","USA"
"LA107","Regional Urology Oncology and Radiation Treatment Center","Shreveport","LA","USA"
"LCPDCE","National Cancer Institute Laboratory for Chemoprevention","Bethesda","MD","USA"
"LMC","Laboratory of Medicinal Chemistry, DBS","Bethesda","MD","USA"
"MA001","Holyoke Hospital, Incorporated","Holyoke","MA","USA"
"MA002","Wesson Memorial Hospital","Springfield","MA","USA"
"MA003","Saint Luke's Hospital Springfield","Springfield","MA","USA"
"MA004","Baystate Medical Center","Springfield","MA","USA"
"MA005","Berkshire Medical Center","Pittsfield","MA","USA"
"MA006","Cutler Army Hospital","Fort Devens","MA","USA"
"MA007","HealthAlliance Hospital - Leominster","Leominster","MA","USA"
"MA008","Saint Vincent Hospital","Worcester","MA","USA"
"MA009","UMass Memorial Medical Center","Worcester","MA","USA"
"MA010","Worcester Hahnemann Hospital","Worcester","MA","USA"
"MA011","University of Massachusetts Medical School","Worcester","MA","USA"
"MA012","Mason Research Institute","Worcester","MA","USA"
"MA013","Worcester City Hospital","Worcester","MA","USA"
"MA014","Framingham Union Hospital","Framingham","MA","USA"
"MA015","Concord Medical Group","Concord","MA","USA"
"MA016","Marlborough Hospital","Marlborough","MA","USA"
"MA017","Lahey Clinic Medical Center","Burlington","MA","USA"
"MA019","Saints Memorial Medical Center","Lowell","MA","USA"
"MA021","Union Hospital","Lynn","MA","USA"
"MA023","Beverly Hospital","Beverly","MA","USA"
"MA025","Addison Gilbert Hospital","Gloucester","MA","USA"
"MA026","Cape Ann Medical Center","Gloucester","MA","USA"
"MA027","Cable Hospital","Ipswich","MA","USA"
"MA028","Salem Hospital","Salem","MA","USA"
"MA029","Dedham Medical Associates","Dedham","MA","USA"
"MA030","Southwood Community Hospital","Norfolk","MA","USA"
"MA031","South Shore Medical Clinic","Norwell","MA","USA"
"MA032","Pondsville Hospital","Walpole","MA","USA"
"MA033","Tufts-New England Medical Center","Boston","MA","USA"
"MA034","Massachusetts General Hospital Cancer Center","Boston","MA","USA"
"MA035","Eye Research Inst Retina Ford","Boston","MA","USA"
"MA036","Dana-Farber Cancer Center Institute","Boston","MA","USA"
"MA037","Brigham and Women's Hospital","Boston","MA","USA"
"MA038","Beth Israel Deaconess Medical Center","Boston","MA","USA"
"MA039","Harvard Medical School","Boston","MA","USA"
"MA040","Angell Memorial Hospital","Boston","MA","USA"
"MA042","Boston Children's Hospital","Boston","MA","USA"
"MA043","Boston Medical Center","Boston","MA","USA"
"MA044","Boston City Hospital","Boston","MA","USA"
"MA045","Lemuel Shattuck Hospital","Jamaica Plain","MA","USA"
"MA046","Faulkner Hospital","Boston","MA","USA"
"MA047","Boston Veteran's Affairs Medical Center","Jamaica Plain","MA","USA"
"MA048","Boston Usphs Hospital","Brighton","MA","USA"
"MA049","Caritas Saint Elizabeth's Medical Center","Boston","MA","USA"
"MA050","Cambridge Hospital","Cambridge","MA","USA"
"MA051","Arthur D. Little, Incorporated","Cambridge","MA","USA"
"MA052","Biogen Research Corporation","Cambridge","MA","USA"
"MA053","Boston Hospital for Women","Brookline","MA","USA"
"MA054","Malden Hospital","Malden","MA","USA"
"MA055","Lawrence Memorial","Medford","MA","USA"
"MA056","Newton-Wellesley Hospital","Newton","MA","USA"
"MA057","Quincy Hospital","Quincy","MA","USA"
"MA058","Medical Center at Symmes","Arlington","MA","USA"
"MA059","Melrose-Wakefield Hospital","Melrose","MA","USA"
"MA060","Glover Memorial Hospital","Needham","MA","USA"
"MA062","Morton Hospital and Medical Center","Taunton","MA","USA"
"MA064","Mount Auburn Hospital","Cambridge","MA","USA"
"MA065","Deaconess Waltham Hospital","Waltham","MA","USA"
"MA066","Jordan Hospital","Plymouth","MA","USA"
"MA067","Cardinal Cushing General Hospital","Brockton","MA","USA"
"MA068","Brockton Hospital","Brockton","MA","USA"
"MA071","Charlton Memorial","Fall River","MA","USA"
"MA072","Saint Anne's Hospital","Fall River","MA","USA"
"MA073","Saint Luke's Hospital","New Bedford","MA","USA"
"MA074","New England Baptist Hospital","Boston","MA","USA"
"MA075","Harvard Vanguard Medical Associates Inc","Boston","MA","USA"
"MA076","Anna Jaques Hospital","Newburyport","MA","USA"
"MA078","Cape Cod Hospital","Hyannis","MA","USA"
"MA080","Floating Hospital for Children","Boston","MA","USA"
"MA081","Norwood Hospital","Norwood","MA","USA"
"MA085","Sturdy Memorial Hospital","Attleboro","MA","USA"
"MA086","The Cancer Center, Incorporated","Boston","MA","USA"
"MA087","South Shore Hospital","South Weymouth","MA","USA"
"MA088","Medical Center of Central Massachusetts","Worcester","MA","USA"
